ID,FIRST_NAME,LAST_NAME,ZIP
1,Michael,P.,2108
2,Shawn,M.,2109
3,Kathleen,P.,2110
4,Jimmy,C.,2113
5,Katherine,R.,2117
6,Sarah,R.,2113
7,Martin,M.,2109
8,Frank,R.,2109
9,Jennifer,F.,2109
10,Henry,W.,2109
11,Fred,S.,2113
12,Amy,D.,2117
13,Kathleen,M.,2117
14,Steve,F.,2117
15,Teresa,H.,2109
16,Amanda,H.,2113
17,Kimberly,R.,2108
18,Johnny,K.,2108
19,Virginia,F.,2109
20,Anna,A.,2108
21,Willie,H.,2117
22,Sean,H.,2108
23,Mildred,A.,2108
24,David,G.,2108
25,Victor,H.,2109
26,Aaron,R.,2108
27,Benjamin,B.,2117
28,Lisa,W.,2113
29,Benjamin,K.,2108
30,Christina,W.,2117
31,Jane,G.,2108
32,Thomas,O.,2117
33,Katherine,M.,2109
34,Jennifer,S.,2108
35,Sara,T.,2117
36,Harold,O.,2113
37,Shirley,J.,2108
38,Dennis,J.,2109
39,Louise,W.,2108
40,Maria,A.,2117
41,Gloria,C.,2108
42,Diana,S.,2108
43,Kelly,N.,2117
44,Jane,R.,2113
45,Scott,B.,2108
46,Norma,C.,2117
47,Marie,P.,2109
48,Lillian,C.,2108
49,Judy,N.,2113
50,Billy,L.,2108
51,Howard,R.,2108
52,Laura,F.,2108
53,Anne,B.,2117
54,Rose,M.,2109
55,Nicholas,R.,2108
56,Joshua,K.,2108
57,Paul,W.,2117
58,Kathryn,K.,2113
59,Adam,A.,2108
60,Norma,W.,2117
61,Timothy,R.,2108
62,Elizabeth,P.,2109
63,Edward,G.,2109
64,David,C.,2108
65,Brenda,W.,2117
66,Adam,W.,2108
67,Michael,H.,2113
68,Jesse,E.,2108
69,Janet,P.,2108
70,Helen,F.,2109
71,Gerald,C.,2109
72,Kathryn,O.,2109
73,Alan,B.,2108
74,Harry,A.,2108
75,Andrea,H.,2113
76,Barbara,W.,2113
77,Anne,W.,2109
78,Harry,H.,2117
79,Jack,R.,2108
80,Phillip,H.,2108
81,Shirley,H.,2113
82,Arthur,D.,2109
83,Virginia,R.,2108
84,Christina,R.,2109
85,Theresa,M.,2117
86,Jason,C.,2108
87,Phillip,B.,2108
88,Adam,T.,2113
89,Margaret,J.,2108
90,Paul,P.,2109
91,Todd,W.,2108
92,Willie,O.,2109
93,Frances,R.,2108
94,Gregory,H.,2109
95,Lisa,P.,2109
96,Jacqueline,A.,2113
97,Shirley,D.,2108
98,Nicole,M.,2108
99,Mary,G.,2117
100,Jean,M.,2113
